,TSUMEM,TSUM1,TSUM2
0,inf,inf,inf
1,inf,inf,inf
2,45.36655903,86.86352547,103.4556177
3,24.50735732,11.82418496,2.515208768
4,26.03581767,12.22190688,2.776045779
5,24.36093524,9.17395006,2.62873045
6,6.812186511,5.971834921,2.4856329
7,2.175914399,1.999800926,2.785358004
8,1.950793973,1.569759274,3.006922339
9,1.863858825,1.34473157,2.071037934
10,1.907688043,1.28949448,1.669432827
11,2.418812145,1.251555665,1.336022549
12,2.492093434,1.234170222,1.242561183
13,4.352034019,1.960756747,1.172024095
14,4.294143356,2.034123357,1.121012248
15,4.555414487,2.453208808,1.074040951
16,4.674118714,2.463811489,1.060852999
17,4.396115243,2.860981979,1.129962089
18,4.196226323,2.88505409,1.130084667
19,4.505033583,3.766360603,1.178873711
20,4.473422411,3.810693951,1.200298418
21,3.124235058,4.220690164,1.596991282
22,2.697267738,3.905400988,1.493294354
23,2.520030881,3.631322694,1.460817889
24,2.459957299,3.538421748,1.392954455
25,2.460467883,3.426403254,1.36206727
26,2.472891179,3.411345209,1.330382691
27,2.57033835,3.174914138,1.327549841
28,2.537971454,3.055920036,1.315106497
29,2.673196649,2.892173121,1.33206792
30,2.709148201,2.853702499,1.330841412
31,2.955337853,2.800740295,1.2592712
32,3.037268706,2.71117377,1.187295417
33,3.318374948,2.732236956,1.154039971
34,3.383291685,2.681430949,1.126702327
35,3.505868504,2.691093555,1.123330391
36,3.428744586,2.664057934,1.118095993
37,3.55398327,2.691895661,1.140333621
38,3.45808648,2.665577948,1.145388032
39,3.542530413,2.644726599,1.188115889
40,3.388565901,2.570159634,1.20100267
41,3.460036582,2.597148175,1.276455529
42,3.322831478,2.061981056,1.279808286
43,3.238945243,1.794558942,1.303873271
44,3.211917678,1.651541707,1.313108906
45,3.048762581,1.539957149,1.34260478
46,2.943646044,1.462831022,1.348091489
47,2.804986655,1.388253778,1.38356491
48,2.636103988,1.335245275,1.386897163
49,2.410199505,1.288645971,1.432795826
50,2.249719171,1.255387006,1.441306974
51,2.125627087,1.224320342,1.492330108
52,2.001921401,1.203674323,1.449293914
53,1.899217836,1.185567651,1.455121134
54,1.831536927,1.171528991,1.419689694
55,1.759556182,1.139473545,1.424764494
56,1.716254888,1.123268024,1.392627495
57,1.674420803,1.104566915,1.406260242
58,1.649506205,1.095999558,1.379839718
59,1.617820412,1.085847883,1.395587118
60,1.603394822,1.080562957,1.363866506
61,1.581542966,1.078352489,1.372557597
62,1.573073245,1.077381047,1.345168102
63,1.556648754,1.084323139,1.31355801
64,1.538887101,1.085811461,1.292520413
65,1.516420006,1.09650902,1.267663997
66,1.505889428,1.098425225,1.253310322
67,1.496109893,1.118751667,1.234504613
68,1.491391844,1.121762179,1.223096281
69,1.489295031,1.152707453,1.202197575
70,1.487661584,1.15702406,1.192907157
71,1.485033875,1.204402882,1.175272376
72,1.486357945,1.205239263,1.167020566
73,1.494897266,1.267759554,1.152313914
74,1.503902349,1.26861498,1.145803512
75,1.511990708,1.355364657,1.135165241
76,1.511171413,1.358498224,1.131416033
77,1.521412765,1.488767308,1.123679609
78,1.521658965,1.491980673,1.120224427
79,1.544049143,1.634904789,1.115256056
80,1.545635341,1.640710295,1.112585724
81,1.572137202,1.860216542,1.109372872
82,1.575285676,1.854255011,1.106896556
83,1.60791512,2.210601869,1.105126153
84,1.59412464,2.203009537,1.102406944
85,1.611945071,2.216252706,1.099095449
86,1.60134126,2.213445801,1.09663506
87,1.619951308,2.2273868,1.093913956
88,1.618629689,2.197926176,1.092729242
89,1.64796271,2.213482876,1.0904482
90,1.64481858,2.199522949,1.088091912
91,1.670968304,2.195014604,1.078810677
92,1.669019082,2.18326874,1.076733041
93,1.663842132,2.130225162,1.069060954
94,1.631857879,2.077572574,1.067990823
95,1.661792445,2.029851178,1.062251555
96,1.634300236,1.979402213,1.062010874
97,1.698013113,1.933823634,1.057916626
98,1.668449655,1.896299117,1.057651521
99,1.686490066,1.856741023,1.058417932
100,1.662310234,1.827947126,1.055838644
101,1.684954914,1.796429574,1.067875092
102,1.629195204,1.762188106,1.066950858
103,1.615496036,1.720528726,1.169998568
104,1.564867615,1.698486605,1.171716361
105,1.514854743,1.676567015,1.173897612
106,1.479378264,1.659953054,1.175674719
107,1.442652039,1.630046497,1.180060528
108,1.420741351,1.60523518,1.182296232
109,1.387382039,1.571671225,1.18830964
110,1.372516622,1.550126439,1.179401211
111,1.357005116,1.527724392,1.17247682
112,1.357297079,1.526305982,1.167184494
113,1.347076532,1.510124986,1.161223946
114,1.342727679,1.501394628,1.157163658
115,1.334948526,1.480754567,1.153464007
116,1.331711312,1.467486014,1.15085586
117,1.32678841,1.449824806,1.146367454
118,1.322053457,1.439400269,1.142253894
119,1.316786433,1.424213177,1.14098724
120,1.319461458,1.419375921,1.134956803
121,1.318636383,1.408130283,1.128331228
122,1.318539736,1.403203802,1.126455003
123,1.318502537,1.392096848,1.121984608
124,1.318756859,1.385746558,1.121602169
125,1.324390891,1.376802375,1.116355148
126,1.329644768,1.376466471,1.113856992
127,1.336240584,1.369328448,1.109911691
128,1.341771006,1.369473153,1.111528161
129,1.344322383,1.358119007,1.109626796
130,1.34294839,1.351092346,1.11062712
131,1.343635651,1.340411961,1.117956429
132,1.3437933,1.334143156,1.119134347
133,1.345928558,1.324019727,1.12707833
134,1.339770111,1.312722535,1.122581538
135,1.333838869,1.29742134,1.12491094
136,1.326477257,1.286237045,1.120954846
137,1.321258573,1.272389768,1.121865362
138,1.314806236,1.261951756,1.119774271
139,1.310543146,1.250965326,1.116485193
140,1.304790761,1.24197573,1.11552216
141,1.300214548,1.23190326,1.113533906
142,1.294424933,1.223247317,1.113447361
143,1.291869826,1.2148904,1.111969749
144,1.287671544,1.207386167,1.112128938
145,1.28721026,1.203030663,1.110645973
146,1.283766576,1.197098831,1.111762587
147,1.28511123,1.192914908,1.111136041
148,1.274418661,1.18643283,1.106305136
149,1.267563737,1.177774781,1.107307587
150,1.260505149,1.168892643,1.110892073
151,1.259732501,1.163562222,1.113355406
152,1.253171374,1.156306908,1.11540809
153,1.253329388,1.148737603,1.120124309
154,1.247933464,1.142643997,1.122021917
155,1.249370214,1.13670456,1.1271709
156,1.24459003,1.132822232,1.129356498
157,1.247411746,1.129302949,1.138727637
158,1.244020831,1.125614827,1.141174139
159,1.24703056,1.123117706,1.15479312
160,1.245915548,1.121742599,1.157667989
161,1.252112861,1.119496511,1.173236219
162,1.251783079,1.117879568,1.176260509
163,1.259112549,1.116686703,1.192455557
164,1.259100332,1.115602815,1.190795548
165,1.268292185,1.115763584,1.202645396
166,1.269129542,1.115538994,1.203336228
167,1.27705892,1.117065097,1.214968522
168,1.2758185,1.116803775,1.216137993
169,1.280177818,1.118929261,1.225343026
170,1.278935247,1.118929886,1.217976517
171,1.28081539,1.120367396,1.222920337
172,1.276196939,1.119506704,1.222312039
173,1.279790191,1.1212066,1.230797926
174,1.276515541,1.118616507,1.232660782
175,1.278815757,1.117007222,1.247038044
176,1.275917641,1.115229287,1.251513081
177,1.278968639,1.114972098,1.273098633
178,1.276427661,1.113614603,1.277953721
179,1.277070143,1.113695385,1.295014848
180,1.270228419,1.110872409,1.299562185
181,1.269249757,1.108823066,1.315396704
182,1.262414097,1.106621809,1.316506925
183,1.26068149,1.105938706,1.32408439
184,1.255825404,1.106025218,1.321062407
185,1.25802492,1.107974683,1.32777201
186,1.254794105,1.108258333,1.325070268
187,1.251118398,1.108028848,1.325423978
188,1.249036671,1.108870791,1.321152967
189,1.245310977,1.107845552,1.321978833
190,1.243779283,1.107960255,1.318202186
191,1.240873012,1.106960881,1.318928833
192,1.239660644,1.107188612,1.308975157
193,1.233372425,1.106505042,1.308204268
194,1.22873073,1.107260852,1.298332341
195,1.22435085,1.106975213,1.298487062
196,1.216960549,1.105549862,1.296352941
197,1.208925592,1.102973956,1.297838011
198,1.198673573,1.099857155,1.293257423
199,1.189620015,1.094541645,1.295294207
200,1.182253259,1.0905998,1.28543235
201,1.173986644,1.086165928,1.274658588
202,1.169814042,1.085494792,1.264351872
203,1.164493005,1.084009952,1.255347668
204,1.161975389,1.081903018,1.247699586
205,1.159018539,1.079207268,1.244456199
206,1.158291745,1.079837658,1.237531297
207,1.156728641,1.081068151,1.231958228
208,1.156092161,1.08323388,1.23117844
209,1.153625921,1.086195704,1.233196228
210,1.150574352,1.08669642,1.232758097
211,1.146667584,1.087522319,1.235008003
212,1.144145361,1.088500429,1.235118555
213,1.14118771,1.090257787,1.238285483
214,1.139866322,1.091798515,1.238104369
215,1.137201064,1.093748944,1.243404807
216,1.13599964,1.094836373,1.239040442
217,1.133626182,1.096823559,1.232664566
218,1.133294625,1.098334668,1.223226536
219,1.132082892,1.099110575,1.221551578
220,1.130181732,1.097594601,1.21742239
221,1.125469971,1.095157205,1.2118179
222,1.122146092,1.092918201,1.206948734
223,1.118081678,1.090820584,1.201805022
224,1.115813697,1.088629966,1.194953407
225,1.112591537,1.088006407,1.19074777
226,1.111122916,1.087861837,1.188420444
227,1.106806492,1.088163173,1.184122913
228,1.103187811,1.086282106,1.180586439
229,1.098607463,1.085765097,1.1767272
230,1.091619723,1.084105402,1.171660108
231,1.083041631,1.08171489,1.165491685
232,1.078646408,1.080167625,1.160847826
233,1.072796399,1.078000662,1.15544857
234,1.069634803,1.077179187,1.154669331
235,1.065057879,1.075518444,1.154854681
236,1.062689826,1.074741663,1.155132103
237,1.058816836,1.07267412,1.157565025
238,1.05684182,1.07143016,1.159146921
239,1.053181235,1.069734626,1.161690069
240,1.051411127,1.068810458,1.163563413
241,1.048665067,1.067735089,1.168490009
242,1.046118343,1.066476954,1.17009893
243,1.043417131,1.065198261,1.173691782
244,1.042154844,1.063854245,1.175895557
245,1.039804318,1.062877979,1.178676232
246,1.038662424,1.062158997,1.180191986
247,1.037336044,1.06205173,1.181484294
248,1.036187037,1.058780646,1.182551283
249,1.03429845,1.056941739,1.18197452
250,1.033490501,1.055643956,1.181972617
251,1.031770594,1.055301545,1.18111824
252,1.031123222,1.05407221,1.181472056
253,1.029854263,1.054370052,1.180075157
254,1.029549427,1.053716873,1.179720755
255,1.028455411,1.054880801,1.179562444
256,1.028134688,1.054939524,1.1803989
257,1.026243319,1.055304405,1.182812264
258,1.025256821,1.054860015,1.183251131
259,1.023670195,1.055161001,1.18562366
260,1.023166818,1.055153736,1.183998537
261,1.022201409,1.056119516,1.185597755
262,1.022366587,1.057330561,1.186279753
263,1.021597398,1.058228156,1.188151512
264,1.021443498,1.057740321,1.187026236
265,1.020492151,1.057504169,1.188435661
266,1.020348032,1.057009475,1.186736555
267,1.019460688,1.056373187,1.188376578
268,1.01877545,1.055976322,1.186351065
269,1.018506176,1.055489275,1.183931298
270,1.017887705,1.053481832,1.182486096
271,1.018112979,1.052079548,1.182405232
272,1.017974864,1.050736862,1.182430515
273,1.017745112,1.049375447,1.18291987
274,1.017142986,1.048161724,1.182534969
275,1.017390909,1.047596327,1.18392865
276,1.017189302,1.047043272,1.184253081
277,1.017570881,1.046313507,1.183558849
278,1.01742323,1.045643541,1.182756781
279,1.017877821,1.045013331,1.182121602
280,1.018113193,1.045022229,1.177859285
281,1.018695249,1.044973688,1.175503444
282,1.018730422,1.044552431,1.174100183
283,1.019867483,1.044124229,1.172758715
284,1.019935063,1.04439485,1.172075942
285,1.021229564,1.044659951,1.171446098
286,1.021411996,1.044954213,1.171010646
287,1.0226633,1.045098699,1.170360656
288,1.022749439,1.045373051,1.169697496
289,1.02423615,1.045579917,1.168329716
290,1.024492303,1.045881628,1.166607609
291,1.02577679,1.045396053,1.165297642
292,1.026097923,1.045235749,1.163818392
293,1.027571898,1.044932054,1.162824482
294,1.027855694,1.044839456,1.161780936
295,1.029814919,1.044908043,1.161049928
296,1.030302956,1.045146185,1.159331376
297,1.031820147,1.045229719,1.154701257
298,1.031868747,1.045421749,1.14959917
299,1.033141607,1.045617216,1.144974168
300,1.033614399,1.046287186,1.140169799
301,1.033724933,1.047281486,1.136565243
302,1.034590648,1.048115534,1.132303566
303,1.034847278,1.049033664,1.127712469
304,1.035659836,1.049957646,1.122327922
305,1.035796651,1.050812404,1.117367206
306,1.036596649,1.051828914,1.112337372
307,1.036881142,1.052977195,1.108775824
308,1.03726258,1.054199296,1.105865612
309,1.037399839,1.055323051,1.104134559
310,1.037614949,1.056640712,1.103570162
311,1.037520067,1.057519487,1.104414771
312,1.037616121,1.05864599,1.103703547
313,1.037469793,1.059342397,1.103599231
314,1.037662276,1.060490939,1.102850923
315,1.037710044,1.061257064,1.102995304
316,1.037983411,1.061859605,1.101673876
317,1.03820249,1.062312788,1.100411891
318,1.038568402,1.062682712,1.098459407
319,1.038236141,1.062308616,1.096619453
320,1.038476271,1.062401125,1.094526253
321,1.037965381,1.061862129,1.092652971
322,1.03824602,1.06193538,1.090767421
323,1.037840379,1.061548527,1.088845769
324,1.038179382,1.061758946,1.088147614
325,1.037849274,1.061254471,1.088225547
326,1.038328059,1.061464702,1.08891008
327,1.038395932,1.060821248,1.089727217
328,1.038992438,1.061234088,1.090011522
329,1.039317363,1.060951889,1.091600294
330,1.040083905,1.061745595,1.091472022
331,1.040369719,1.061866368,1.093648243
332,1.040897596,1.062670029,1.094492952
333,1.041542783,1.063334094,1.09439955
334,1.04268649,1.064959716,1.094793013
335,1.042848922,1.065690489,1.094985323
336,1.043819002,1.067254273,1.095153238
337,1.043760787,1.067904124,1.094994807
338,1.044185619,1.06916659,1.094918837
339,1.042482195,1.067766881,1.094820985
340,1.041732631,1.066667989,1.095218644
341,1.040596371,1.065301422,1.094432881
342,1.040364482,1.065052635,1.095001474
343,1.040048236,1.064770492,1.093794891
344,1.039818459,1.064279775,1.090125464
345,1.039510478,1.063275218,1.085669607
346,1.039413853,1.061922019,1.082736276
347,1.038999038,1.060443237,1.07863088
348,1.038843537,1.059172977,1.076060026
349,1.038723103,1.058041221,1.072624675
350,1.03931528,1.057434469,1.070487081
351,1.039911576,1.057182845,1.068036404
352,1.040930809,1.057834507,1.065599224
353,1.041613909,1.058740298,1.062412583
354,1.042410943,1.059362755,1.0602978
355,1.043326979,1.059586305,1.057980569
356,1.044448014,1.059907292,1.056648281
357,1.0455362,1.060425109,1.054406963
358,1.046304896,1.060486935,1.052618913
359,1.047205682,1.060714005,1.049640061
360,1.047789526,1.060545138,1.047715827
361,1.048505691,1.060702902,1.045068242
362,1.048880939,1.060421239,1.043465215
363,1.049550791,1.061269109,1.041115329
364,1.050079937,1.061467453,1.038957167
365,1.050770642,1.061997153,1.036778837
366,1.050954181,1.061923864,1.034907669
367,1.051920002,1.062384068,1.034100726
368,1.052158718,1.0622209,1.032572593
369,1.052640495,1.061651556,1.032208789
370,1.052342811,1.060740537,1.031017075
371,1.053132727,1.060103505,1.030552733
372,1.053346449,1.059237517,1.029599221
373,1.053946103,1.058959657,1.029439207
374,1.053927524,1.058406025,1.028197867
375,1.053823633,1.057545636,1.027710399
376,1.053812064,1.056925668,1.027025509
377,1.053318867,1.056334374,1.026892629
378,1.052502186,1.055260372,1.02625009
379,1.051425932,1.054476889,1.026460857
380,1.049514564,1.05293187,1.02606154
381,1.047800531,1.051572555,1.026249282
382,1.045769026,1.049897163,1.025888826
383,1.044497276,1.048594982,1.026639586
384,1.043195992,1.047180162,1.026695933
385,1.041879088,1.046038898,1.027705142
386,1.040576551,1.044794731,1.028124332
387,1.040191371,1.043348781,1.028740776
388,1.039182208,1.04212991,1.029111418
389,1.039448252,1.04109787,1.029626977
390,1.038725875,1.040251481,1.029962399
391,1.038561956,1.039618816,1.029776602
392,1.0386819,1.039419588,1.029295609
393,1.039393616,1.039764928,1.029105003
394,1.039823295,1.039824971,1.028608014
395,1.040750593,1.039850612,1.028100121
396,1.041198914,1.039803517,1.027536196
397,1.042104123,1.039885889,1.027300068
398,1.04242566,1.039650803,1.026754521
399,1.043157542,1.039950942,1.027102292
400,1.043416258,1.039811257,1.027244863
401,1.043992916,1.040181613,1.027542948
402,1.044042059,1.039995991,1.027790787
403,1.045260722,1.041077892,1.028138573
404,1.046021494,1.041635483,1.028383877
405,1.0469364,1.042335588,1.028553623
406,1.047279682,1.042715757,1.028861863
407,1.048050615,1.042814805,1.029307094
408,1.048291365,1.042401677,1.030071706
409,1.049340341,1.042627856,1.030955134
410,1.049764149,1.042846218,1.031647782
411,1.050056221,1.04337183,1.032028941
412,1.049932363,1.043771139,1.032516422
413,1.050528448,1.044754494,1.032232767
414,1.049508061,1.044555382,1.032626299
415,1.049221521,1.044947831,1.032247558
416,1.047987591,1.044500145,1.032560656
417,1.04749329,1.043962941,1.032526637
418,1.046376158,1.043509277,1.032792833
419,1.04620749,1.042441352,1.032496196
420,1.045283916,1.041657492,1.03280471
421,1.045327249,1.041072073,1.032391239
422,1.044979712,1.040624907,1.032290354
423,1.04526996,1.040242019,1.030948162
424,1.04519446,1.039920157,1.031045309
425,1.045547129,1.040148225,1.030966567
426,1.0456584,1.040509589,1.031136606
427,1.047095709,1.041183892,1.031147694
428,1.047847776,1.041684465,1.03136389
429,1.049014473,1.042347667,1.031420743
430,1.049500707,1.042790241,1.031746311
431,1.050998869,1.04340112,1.032034038
432,1.051806655,1.043181972,1.032017268
433,1.052997569,1.043339181,1.032599632
434,1.053353587,1.043292003,1.03255058
435,1.054383579,1.04446407,1.032765491
436,1.054814267,1.044778728,1.03253733
437,1.05572602,1.045544312,1.032291514
438,1.056243526,1.045497737,1.031709564
439,1.056979044,1.046603421,1.031159396
440,1.057388001,1.046874421,1.030584307
441,1.058607815,1.048623418,1.030009558
442,1.058859118,1.048886358,1.029343929
443,1.058632741,1.049414091,1.028441037
444,1.05841636,1.048959223,1.028327255
445,1.058214556,1.04887265,1.028252739
446,1.05715068,1.048303915,1.028373935
447,1.055825839,1.047799304,1.028281917
448,1.055041731,1.047325102,1.027958662
449,1.053785417,1.047315778,1.027864006
450,1.053153043,1.047290252,1.02727941
451,1.051941098,1.04680255,1.027119683
452,1.051235128,1.046783191,1.02701507
453,1.051107903,1.046536541,1.026788435
454,1.050542444,1.046431157,1.02662984
455,1.050792759,1.046285006,1.026184191
456,1.050906371,1.046574951,1.02607791
457,1.05085473,1.046719556,1.025608029
458,1.050719952,1.047176558,1.025409102
459,1.050394158,1.047106693,1.024716115
460,1.05056681,1.047560285,1.024372697
461,1.050657702,1.04748205,1.023628051
462,1.049979533,1.047406513,1.022693917
463,1.050345103,1.047434639,1.021833999
464,1.050156171,1.047816961,1.020995362
465,1.049615255,1.047893631,1.02001531
466,1.049057641,1.047839393,1.01919675
467,1.048874374,1.047598254,1.018260987
468,1.048582404,1.047431794,1.017616961
469,1.047971771,1.046808117,1.0162765
470,1.047590605,1.046487989,1.015625432
471,1.045306825,1.044449474,1.0143958
472,1.043221314,1.042658876,1.01407816
473,1.041329114,1.040945422,1.013446762
474,1.040175036,1.040074417,1.013369484
475,1.039723836,1.040094935,1.013215842
476,1.039314598,1.040084634,1.01336081
477,1.039416866,1.040479589,1.013086795
478,1.039566904,1.040683619,1.01311649
479,1.039951876,1.041155264,1.012840213
480,1.040157223,1.041350908,1.012882834
481,1.04079417,1.041796084,1.012619925
482,1.041045214,1.04162508,1.012562946
483,1.041481474,1.04124827,1.012348991
484,1.041459094,1.040384517,1.012461182
485,1.041731758,1.039178841,1.012203711
486,1.04194551,1.03844607,1.012328544
487,1.042314415,1.037452165,1.012171853
488,1.042460984,1.036764456,1.012625263
489,1.042805612,1.035731925,1.012759202
490,1.042698295,1.035033013,1.012867262
491,1.043383484,1.034056212,1.012758028
492,1.043318105,1.032966722,1.012941065
493,1.043886037,1.031600453,1.012759451
494,1.044051537,1.030613584,1.013013796
495,1.044908849,1.029494021,1.013271861
496,1.045310476,1.028655491,1.013910035
497,1.046886169,1.028257441,1.014452755
498,1.047366388,1.027428263,1.015167959
499,1.049075225,1.027223569,1.015557057
500,1.049575273,1.026490215,1.016313991
501,1.050976603,1.026081905,1.016789165
502,1.051495342,1.02507046,1.017272404
503,1.052799181,1.024347418,1.016863376
504,1.053383669,1.023422082,1.016909306
505,1.054685,1.022759692,1.016570493
506,1.054563607,1.022773283,1.016512473
507,1.054996125,1.022730457,1.016232158
508,1.05484616,1.022653356,1.016225336
509,1.055270142,1.022574833,1.015968205
510,1.055228712,1.02267051,1.015630776
511,1.055523711,1.022564368,1.015022358
512,1.055342185,1.022356852,1.014762757
513,1.055171854,1.021881709,1.014159583
514,1.054753141,1.021567788,1.014094772
515,1.05481855,1.021237013,1.013927252
516,1.054483358,1.021133708,1.013632416
517,1.054650944,1.020887685,1.013306864
518,1.054283503,1.020500065,1.013319142
519,1.054688141,1.020173067,1.013313424
520,1.054675882,1.020061223,1.013312189
521,1.055161269,1.019714037,1.013117075
522,1.055862049,1.019856895,1.012620944
523,1.056732387,1.019630142,1.012111471
524,1.057533787,1.019834312,1.011785529
525,1.057856533,1.019347033,1.01121806
526,1.057455006,1.018691856,1.010982899
527,1.056319473,1.017571077,1.010681948
528,1.055914592,1.016887327,1.010528502
529,1.055390923,1.016196882,1.010233262
530,1.054524575,1.015603351,1.009957145
531,1.05346714,1.014887175,1.009609837
532,1.052618135,1.014431911,1.009513826
533,1.051761516,1.013929487,1.009454649
534,1.05060522,1.013428892,1.009405266
535,1.049495419,1.012865858,1.009440902
536,1.048388051,1.01240691,1.009415849
537,1.047710147,1.011815656,1.009374111
538,1.046812877,1.011378194,1.009193963
539,1.04592587,1.010802572,1.009291094
540,1.044950486,1.010247659,1.009364408
541,1.044121449,1.009766628,1.009642166
542,1.043013068,1.009210054,1.009864808
543,1.042377142,1.008772109,1.009954322
544,1.041422989,1.008436596,1.010154318
545,1.040995895,1.00816287,1.010242329
546,1.040131202,1.008164764,1.010468687
547,1.039281826,1.008265922,1.010550277
548,1.038563466,1.00829477,1.010819923
549,1.03765441,1.008455731,1.010896881
550,1.036842504,1.008512026,1.011159748
551,1.036359047,1.008627787,1.011288841
552,1.035811593,1.008753654,1.011575065
553,1.035481607,1.008940565,1.011900967
554,1.034972382,1.009102534,1.012207245
555,1.034679133,1.00936136,1.012456616
556,1.034180197,1.009509657,1.012778989
557,1.033895982,1.009772955,1.013060453
558,1.033410216,1.009791486,1.013399694
559,1.033143548,1.009944541,1.013655955
560,1.03266778,1.010044553,1.014050528
561,1.032079312,1.010217585,1.014422686
562,1.031522729,1.010201366,1.014719248
563,1.031118505,1.010284125,1.014936802
564,1.030289791,1.009881479,1.01519801
565,1.029362586,1.00972002,1.015642683
566,1.02863189,1.009315892,1.015874835
567,1.027727653,1.009224009,1.016334736
568,1.027786806,1.009307327,1.016597201
569,1.027387367,1.009534239,1.016814162
570,1.027309502,1.009749654,1.017128441
571,1.026860063,1.01007838,1.017529869
572,1.026749945,1.010124771,1.017748314
573,1.02630943,1.01040566,1.018109735
574,1.026265611,1.01056567,1.017655081
575,1.025879904,1.010970321,1.017320357
576,1.025760024,1.011136389,1.016894371
577,1.025382086,1.011444132,1.016579849
578,1.025292479,1.011562559,1.016206704
579,1.024874764,1.011926104,1.01608256
580,1.024741874,1.012050618,1.015815211
581,1.024271059,1.01239152,1.015774287
582,1.024093293,1.012390408,1.0155008
583,1.023491479,1.012742752,1.015500414
584,1.023235119,1.012735313,1.015262643
585,1.022645958,1.013103843,1.01524852
586,1.0225691,1.013307412,1.015000778
587,1.022209204,1.013836638,1.015070456
588,1.0222502,1.014015254,1.014914827
589,1.021916489,1.014584278,1.015034502
590,1.021918904,1.014784847,1.014899051
591,1.021497349,1.015220775,1.014951164
592,1.021489435,1.01544114,1.014773213
593,1.021097631,1.01605942,1.01489511
594,1.021114057,1.01635652,1.014701082
595,1.020867901,1.016776718,1.014797367
596,1.020965561,1.016797157,1.014976781
597,1.020923971,1.017166899,1.015478073
598,1.021034102,1.017161458,1.015646033
599,1.021102633,1.017369096,1.015953605
600,1.02132721,1.01727412,1.015935431
601,1.021273422,1.01739316,1.016218409
602,1.021367166,1.017245732,1.016186184
603,1.020940906,1.017323479,1.01638983
604,1.02094572,1.017137722,1.016269666
605,1.020524847,1.017162601,1.016351216
606,1.020429641,1.016983282,1.016221853
607,1.019951558,1.016921564,1.016447599
608,1.019839653,1.016695657,1.016388841
609,1.019306705,1.016544576,1.016709221
610,1.019070513,1.016297344,1.016711458
611,1.018577884,1.016214978,1.017139774
612,1.018531391,1.015830917,1.017162617
613,1.018297127,1.015555079,1.017570369
614,1.018430151,1.015152694,1.017408815
615,1.01837279,1.014853432,1.017728343
616,1.01830857,1.01466963,1.017680059
617,1.017980415,1.014575622,1.018127267
618,1.017845587,1.014473192,1.018072185
619,1.017677884,1.014461784,1.018543133
620,1.017658502,1.014570497,1.018500378
621,1.017568059,1.014793541,1.018587269
622,1.017421005,1.014709778,1.018279566
623,1.017020953,1.014422243,1.018256109
624,1.016768008,1.014121978,1.017961154
625,1.016313328,1.013757184,1.017809586
626,1.015937371,1.013629322,1.017449674
627,1.015545415,1.013566508,1.017255304
628,1.015300881,1.013564642,1.016982979
629,1.015002073,1.013656944,1.016897603
630,1.014752283,1.013712641,1.016470658
631,1.014356023,1.013736204,1.016411567
632,1.013997547,1.013855214,1.016275686
633,1.013619316,1.013952552,1.0164805
634,1.013311647,1.013970066,1.016367767
635,1.013113153,1.014254471,1.016640541
636,1.012932844,1.014436433,1.016579334
637,1.012680447,1.014721936,1.016682857
638,1.012574255,1.014899497,1.01664103
639,1.012444264,1.015365196,1.016737096
640,1.012336558,1.015628812,1.016688635
641,1.01218491,1.016115111,1.016926992
642,1.011996408,1.016355452,1.017087903
643,1.011792089,1.016818173,1.017515156
644,1.011596803,1.016937028,1.01787297
645,1.011543936,1.017543553,1.018483787
646,1.011619528,1.017875156,1.018599378
647,1.011711975,1.018525397,1.019098912
648,1.011815261,1.018791042,1.01925919
649,1.011856962,1.01938265,1.019855269
650,1.012016395,1.019718931,1.020003349
651,1.012168947,1.020279083,1.020291781
652,1.012495032,1.020899987,1.020153192
653,1.012831808,1.021681781,1.020174378
654,1.012827044,1.022041962,1.02019781
655,1.013036593,1.022629096,1.020217951
656,1.013271933,1.022933043,1.020024496
657,1.013327394,1.023559681,1.020020534
658,1.013351627,1.023874842,1.019922447
659,1.01347064,1.024548653,1.020017111
660,1.013596987,1.024898208,1.019734448
661,1.013926825,1.025495404,1.019628467
662,1.01427613,1.025956391,1.019401667
663,1.014679624,1.026833262,1.01949304
664,1.015000142,1.027478614,1.01931931
665,1.015609916,1.028595741,1.019616213
666,1.015847402,1.029343645,1.019674538
667,1.016280092,1.031147899,1.019721889
668,1.016396065,1.031706319,1.019789405
669,1.016640481,1.033222715,1.019930744
670,1.016840632,1.033824602,1.02003865
671,1.017120494,1.035081361,1.020148946
672,1.017331736,1.03541196,1.020253266
673,1.017885717,1.036883036,1.020215875
674,1.018284533,1.037355489,1.020202422
675,1.018626474,1.038834775,1.020155524
676,1.019034909,1.039387119,1.020099605
677,1.019523473,1.041182026,1.019942068
678,1.019936385,1.041902533,1.01988019
679,1.020296148,1.042900499,1.020393782
680,1.020732075,1.043512856,1.020504831
681,1.021073257,1.043251252,1.021070593
682,1.021430077,1.043501309,1.021182963
683,1.021886877,1.04337826,1.02169791
684,1.022287094,1.04383968,1.02190658
685,1.022854846,1.044042124,1.022427675
686,1.02332721,1.044596251,1.022646006
687,1.023769697,1.044895578,1.023083382
688,1.024158395,1.045212028,1.023142205
689,1.024639603,1.045148247,1.023243988
690,1.025090205,1.045716478,1.023039869
691,1.025543906,1.045961122,1.022845726
692,1.026069968,1.046556044,1.022643525
693,1.026515975,1.046959448,1.022476212
694,1.026787512,1.047715853,1.022254691
695,1.027040062,1.047934788,1.022175871
696,1.027263602,1.048354857,1.02189645
697,1.027594487,1.048383527,1.021676409
698,1.028006202,1.04881386,1.021353809
699,1.028306094,1.048558584,1.021181735
700,1.028578038,1.048662645,1.020852005
701,1.028783679,1.048358373,1.020765465
702,1.028828817,1.048378108,1.020633915
703,1.029034354,1.048258879,1.020632779
704,1.029056432,1.048329743,1.020634073
705,1.028785876,1.047498006,1.02060122
706,1.028408049,1.046993,1.020710119
707,1.028286828,1.046322038,1.020853675
708,1.027799596,1.045871315,1.020922091
709,1.027674363,1.045388399,1.021098104
710,1.027315761,1.045130584,1.021289518
711,1.026836565,1.044965136,1.021461435
712,1.026476362,1.044680382,1.021585008
713,1.026200808,1.044590817,1.021562967
714,1.025805482,1.044633272,1.021473131
715,1.025342317,1.044733552,1.021463025
716,1.024679396,1.044415388,1.02134613
717,1.024230567,1.044320612,1.021130538
718,1.023752208,1.043677251,1.020848801
719,1.023526383,1.043094056,1.020423287
720,1.0231242,1.042394898,1.020319983
721,1.02263819,1.041897825,1.019997451
722,1.022345099,1.041379445,1.019750641
723,1.021603543,1.040426773,1.019257903
724,1.021078724,1.039418095,1.018844464
725,1.020392605,1.038278857,1.018242189
726,1.019816801,1.037295965,1.017863028
727,1.019425588,1.036208997,1.017398881
728,1.019134855,1.035281022,1.01743384
729,1.01886789,1.034326255,1.017204801
730,1.018589587,1.033417831,1.017268752
731,1.018411895,1.032660505,1.01715946
732,1.018186136,1.032212343,1.017181605
733,1.018110774,1.031742534,1.016649214
734,1.018033486,1.031353727,1.016372502
735,1.01796202,1.0309763,1.01585404
736,1.017968557,1.030592784,1.015678923
737,1.017859124,1.030270623,1.015346363
738,1.017757851,1.029903284,1.015289386
739,1.017748649,1.029469976,1.014908842
740,1.017804709,1.029114289,1.014699682
741,1.018043159,1.028901269,1.014257869
742,1.018245152,1.028780967,1.013990602
743,1.018440982,1.028750088,1.013966261
744,1.018643315,1.028667276,1.014009696
745,1.018894944,1.028876084,1.013633609
746,1.019199951,1.029054582,1.013511452
747,1.019644679,1.029353203,1.01315214
748,1.020039004,1.029823972,1.012849124
749,1.020337226,1.030277027,1.012385249
750,1.020687858,1.030639266,1.012029027
751,1.020707806,1.030297005,1.011590084
752,1.020812323,1.029798943,1.011255454
753,1.020972375,1.029369462,1.01078451
754,1.02112277,1.028840512,1.010486483
755,1.021453879,1.028754583,1.010205135
756,1.02155313,1.028248909,1.010058753
757,1.021940048,1.028429152,1.009828245
758,1.022029596,1.028045426,1.009711475
759,1.022416678,1.028178221,1.009611554
760,1.022533058,1.027854314,1.009503451
761,1.022976327,1.028099901,1.009384288
762,1.023019561,1.027924816,1.009259208
763,1.023431017,1.028437444,1.009203807
764,1.023473678,1.028270294,1.009107349
765,1.023483016,1.028694186,1.009082868
766,1.023136167,1.028462202,1.009008815
767,1.022856696,1.02861276,1.009217691
768,1.022250638,1.02816988,1.009250624
769,1.021948804,1.028396989,1.009461073
770,1.021436162,1.028194836,1.009533401
771,1.021247934,1.028598902,1.009806316
772,1.020831376,1.028466267,1.009828192
773,1.020656621,1.028947593,1.00993531
774,1.020236808,1.029078353,1.009791039
775,1.020014637,1.029472008,1.009906317
776,1.019508995,1.029337952,1.00977927
777,1.019342241,1.029446413,1.009862118
778,1.019026078,1.029272873,1.009670946
779,1.018566289,1.029028819,1.009946157
780,1.018167557,1.028504073,1.009910296
781,1.017590234,1.028124899,1.010212491
782,1.017155297,1.027549562,1.010216285
783,1.016608761,1.026853993,1.010347067
784,1.016282478,1.026305193,1.010324198
785,1.016036098,1.02579204,1.01032927
786,1.015844452,1.025418608,1.010270784
787,1.0156624,1.025134634,1.010479696
788,1.015611892,1.02530689,1.010768512
789,1.015500515,1.025305607,1.011096745
790,1.015431992,1.025348905,1.011241378
791,1.015351431,1.025375457,1.011595392
792,1.015439861,1.025461479,1.011835444
793,1.015317709,1.025623711,1.012243174
794,1.01521053,1.025893147,1.012481238
795,1.015128681,1.026073463,1.012860564
796,1.015099103,1.026323464,1.01310724
797,1.014861875,1.026489015,1.013566352
798,1.014753044,1.026721082,1.013898479
799,1.01445133,1.026611598,1.014487875
800,1.014281776,1.026654525,1.014745828
801,1.013970641,1.026549917,1.015232517
802,1.013913062,1.026569347,1.01513275
803,1.013678627,1.026479332,1.015443639
804,1.013620558,1.026630053,1.015364395
805,1.013351416,1.026731342,1.015690788
806,1.013237144,1.026920762,1.015693361
807,1.013274875,1.026974417,1.015944029
808,1.013035223,1.026997894,1.015867591
809,1.013036065,1.027134306,1.016082715
810,1.012860115,1.027333587,1.015869659
811,1.012729408,1.027480727,1.016026698
812,1.012554977,1.027504813,1.015729443
813,1.012307014,1.02744041,1.015755196
814,1.01219762,1.027476515,1.015572111
815,1.011928157,1.027323906,1.015407309
816,1.01172776,1.027023218,1.015115367
817,1.011562146,1.026533542,1.01489989
818,1.011286073,1.026055191,1.014587027
819,1.011134379,1.025501604,1.014355509
820,1.010919522,1.025341062,1.014125479
821,1.010800583,1.025094713,1.014053251
822,1.010578946,1.024995773,1.013871155
823,1.010292955,1.024945822,1.013815028
824,1.010171737,1.024821617,1.013663413
825,1.010042406,1.024796748,1.013628738
826,1.01007374,1.024708713,1.01344431
827,1.010091774,1.02462864,1.013218662
828,1.010111287,1.024580132,1.01293142
829,1.010164409,1.024595374,1.012638044
830,1.010384528,1.024538561,1.012333798
831,1.010592835,1.024497489,1.012048432
832,1.010764072,1.024393741,1.011759359
833,1.010936694,1.024278662,1.011542007
834,1.011068251,1.024078192,1.011274064
835,1.011232581,1.023895725,1.01104954
836,1.011217996,1.023725238,1.010791381
837,1.011191752,1.023492932,1.010572955
838,1.011185878,1.023255767,1.010325962
839,1.011180677,1.022890628,1.010249152
840,1.011238893,1.022595696,1.010068481
841,1.011223382,1.022244795,1.009990595
842,1.011285573,1.021913307,1.009844959
843,1.011305886,1.021569341,1.009738537
844,1.01130794,1.021152932,1.009687595
845,1.011226754,1.020735553,1.009620232
846,1.011195447,1.02036237,1.009566243
847,1.011111089,1.019910114,1.009233019
848,1.011080422,1.019583967,1.009192404
849,1.011005569,1.019347512,1.009143352
850,1.011023487,1.019168789,1.009130845
851,1.010965816,1.018966179,1.008980765
852,1.010913094,1.018675451,1.008827296
853,1.010773717,1.01836407,1.008684924
854,1.010797048,1.018014871,1.008555998
855,1.010715657,1.017741746,1.008546901
856,1.010737939,1.017537695,1.008419197
857,1.01066546,1.017238311,1.008342979
858,1.01068587,1.01691904,1.00823696
859,1.010612898,1.016592928,1.008088964
860,1.010699105,1.016266557,1.007941366
861,1.010630469,1.015940634,1.007909963
862,1.010749961,1.015595434,1.007868854
863,1.010800547,1.015199665,1.007876859
864,1.010825296,1.015040213,1.007978004
865,1.010936664,1.014699347,1.008055819
866,1.010963231,1.014571747,1.008169045
867,1.011042572,1.014335818,1.008269172
868,1.01087043,1.014207211,1.008395555
869,1.010671172,1.014014569,1.00854361
870,1.010480913,1.013997156,1.008745216
871,1.010196965,1.013835071,1.008944193
872,1.009925769,1.013783135,1.009186544
873,1.009815244,1.013562955,1.00939553
874,1.009697398,1.01350514,1.009628085
875,1.009574231,1.013575559,1.009729041
876,1.009393423,1.013564254,1.009863375
877,1.009337114,1.013677875,1.009985041
878,1.009222297,1.013694865,1.010144317
879,1.00918997,1.013502422,1.010240976
880,1.009044807,1.013612446,1.010371334
881,1.009037804,1.013706111,1.010493213
882,1.008902034,1.013865952,1.010657471
883,1.008913642,1.013911377,1.010809642
884,1.00875857,1.014065802,1.010943686
885,1.008633999,1.014085715,1.01110056
886,1.008396169,1.014322753,1.011271924
887,1.00822204,1.014510679,1.011435548
888,1.008003931,1.014659734,1.011547427
889,1.007930673,1.014733846,1.011759691
890,1.007844707,1.014681719,1.011734523
891,1.007849453,1.014581745,1.011841761
892,1.007831865,1.014512837,1.011839589
893,1.007710288,1.014412103,1.011900893
894,1.007688147,1.014460261,1.011844906
895,1.007530684,1.014354074,1.011641707
896,1.007558584,1.014201909,1.011446694
897,1.007430489,1.013942435,1.011133073
898,1.007376807,1.01375307,1.010844483
899,1.007366491,1.01350405,1.01053806
900,1.007480789,1.013299466,1.010324868
901,1.00745829,1.013311019,1.010053562
902,1.007471706,1.013215706,1.009913969
903,1.007365773,1.013192911,1.009712906
904,1.007404457,1.012955873,1.009641552
905,1.007362925,1.012846955,1.009552591
906,1.00741886,1.012636191,1.009510857
907,1.007351361,1.012604447,1.009466861
908,1.007394588,1.012491904,1.009487731
909,1.007389073,1.012536502,1.009467724
910,1.007479907,1.012311185,1.009489401
911,1.007447068,1.012495454,1.009515392
912,1.007478013,1.012396555,1.009630151
913,1.007439466,1.012600035,1.009682649
914,1.007415883,1.012493294,1.009745936
915,1.007239185,1.012639212,1.009869262
916,1.00720644,1.012484924,1.010043316
917,1.00705519,1.012658817,1.010274846
918,1.0071069,1.012550285,1.0105014
919,1.007058933,1.01282709,1.010647406
920,1.007140782,1.012809793,1.010734167
921,1.00717881,1.013167163,1.010860115
922,1.007277247,1.013218403,1.010945995
923,1.007305815,1.013560136,1.010996148
924,1.007369662,1.013505634,1.010915364
925,1.007164023,1.013782941,1.010730254
926,1.007124882,1.013756428,1.010633296
927,1.007021533,1.014042236,1.0103715
928,1.007036871,1.014029198,1.010242837
929,1.00689813,1.014539343,1.009928816
930,1.006865913,1.01468246,1.009806112
931,1.006686956,1.015264274,1.009549823
932,1.006659431,1.015413214,1.009530141
933,1.006501419,1.015854556,1.009326305
934,1.0063682,1.016037967,1.009342679
935,1.006115545,1.016509174,1.009184771
936,1.006009846,1.016605213,1.009202518
937,1.005725547,1.017014631,1.009104654
938,1.005585301,1.017142042,1.009185461
939,1.005325795,1.017479367,1.009059913
940,1.005203811,1.017304656,1.009130391
941,1.004969489,1.017386169,1.008985707
942,1.004855187,1.017339875,1.008998232
943,1.004632182,1.017499891,1.008872236
944,1.004535251,1.017514281,1.008889995
945,1.00437087,1.017713383,1.008662056
946,1.004282758,1.017716618,1.008698963
947,1.004079263,1.017976564,1.008567182
948,1.003977412,1.017973537,1.008612176
949,1.003808414,1.018487895,1.008482445
950,1.003692233,1.018604774,1.008570944
951,1.00347428,1.019218223,1.008498116
952,1.003350978,1.019345198,1.008570803
953,1.003141826,1.019987993,1.008410339
954,1.003048614,1.020149234,1.00843257
955,1.00295841,1.020831165,1.008380355
956,1.002847265,1.021065246,1.008462221
957,1.002773381,1.021805967,1.008389598
958,1.002693775,1.021942236,1.008340511
959,1.002607817,1.022457353,1.008252717
960,1.00246818,1.022494286,1.008323958
961,1.002366272,1.022910666,1.008258675
962,1.002238842,1.02296096,1.008318909
963,1.00215213,1.023451323,1.008207597
964,1.002051931,1.023508438,1.008263944
965,1.001989489,1.023850108,1.008150332
966,1.001920906,1.023944842,1.008110362
967,1.001792978,1.023804926,1.007975269
968,1.001706433,1.023827411,1.007977299
969,1.001584497,1.023623744,1.007847117
970,1.001506626,1.023433106,1.007945728
971,1.001398043,1.023062831,1.007840323
972,1.001349587,1.022938765,1.007865183
973,1.001247004,1.022666558,1.007768931
974,1.001215631,1.022567477,1.007805562
975,1.001136957,1.022352026,1.007747648
976,1.001129944,1.022254859,1.007751665
977,1.001053915,1.022029636,1.007679832
978,1.001066418,1.021912378,1.007691211
979,1.001019445,1.021699776,1.007630416
980,1.001050145,1.021610535,1.007622099
981,1.001016464,1.021420682,1.007700884
982,1.001058626,1.021555912,1.007736872
983,1.00101404,1.021544645,1.007806364
984,1.001050383,1.021676316,1.007839958
985,1.000991479,1.021503018,1.007888016
986,1.001005894,1.021633314,1.007850789
987,1.000916819,1.021407978,1.008071907
988,1.00091393,1.021497354,1.008224929
989,1.000848757,1.021280691,1.008444605
990,1.000866216,1.02131885,1.008599266
991,1.00082939,1.021081046,1.008988515
992,1.00084779,1.021112923,1.00922518
993,1.000782466,1.020881662,1.009755884
994,1.000790289,1.020954341,1.009964563
995,1.000688355,1.020607911,1.01050965
996,1.000638015,1.020191571,1.010748763
997,1.000540047,1.019473707,1.01138311
998,1.000502381,1.019088576,1.011621686
999,1.000436889,1.018541356,1.012254897
1000,1.00041164,1.018239251,1.012534355
1001,1.000347713,1.017587261,1.013178821
1002,1.000332608,1.01711581,1.013386837
1003,1.000279886,1.016441892,1.014051636
1004,1.000269322,1.015987123,1.014333374
1005,1.000241765,1.01548601,1.015080812
1006,1.000278976,1.01525853,1.015231434
1007,1.000258711,1.014907236,1.015616743
1008,1.000250572,1.014767679,1.015666238
1009,1.000177699,1.014387198,1.015991274
1010,1.000176144,1.014395479,1.01608841
1011,1.000120588,1.014142213,1.016364832
1012,1.000121647,1.014101505,1.016439358
1013,1.000075662,1.013803816,1.016710959
1014,1.000064991,1.013662155,1.016902096
1015,1.000014721,1.013303297,1.017150766
1016,0.999991621,1.013069495,1.017304409
1017,0.999950374,1.012466809,1.017457306
1018,0.999946253,1.012237157,1.017424634
1019,0.999915119,1.011668004,1.017510988
1020,0.999939358,1.011456307,1.01747518
1021,0.999938347,1.010981389,1.017324301
1022,0.999982317,1.010783143,1.017349449
1023,0.999988673,1.010383944,1.01708393
1024,1.000048388,1.01030241,1.017003008
1025,1.000044552,1.010038071,1.016700241
1026,1.000081288,1.010059819,1.016593417
1027,1.00009505,1.009800936,1.016312827
1028,1.000136487,1.00984239,1.01625786
1029,1.000139786,1.009595447,1.016141271
1030,1.000155376,1.009613077,1.01613182
1031,1.000161228,1.009390277,1.016114274
1032,1.000183661,1.00933851,1.016171488
1033,1.000199619,1.009042915,1.016062248
1034,1.000212538,1.008999934,1.016197364
1035,1.000215452,1.008817698,1.016125871
1036,1.000214091,1.00883495,1.016243693
1037,1.000216291,1.008617835,1.016215661
1038,1.000227884,1.008656592,1.016314785
1039,1.000206898,1.008551415,1.016082076
1040,1.000222486,1.008636672,1.015951585
1041,1.000192602,1.008614732,1.015731301
1042,1.000207138,1.008703073,1.015590286
1043,1.00016762,1.008681005,1.015306937
1044,1.000176865,1.008793202,1.015104773
1045,1.000127542,1.008827002,1.015102471
1046,1.000151759,1.008952495,1.014919139
1047,1.000107364,1.009064159,1.014924889
1048,1.000137706,1.009231795,1.014755277
1049,1.00009763,1.009333185,1.014835439
1050,1.000129175,1.009530783,1.014710684
1051,1.000096036,1.009625234,1.014792334
1052,1.000139906,1.009824322,1.014696966
1053,1.000157376,1.00996635,1.014825597
1054,1.000196166,1.010038749,1.014480468
1055,1.000238155,1.010057745,1.014253264
1056,1.000281477,1.010158548,1.013885098
1057,1.000284834,1.010176338,1.013919905
1058,1.000297507,1.010267918,1.013684844
1059,1.000314665,1.010318701,1.013692687
1060,1.000333166,1.010407586,1.013577306
1061,1.000390353,1.010464191,1.013570295
1062,1.000417806,1.010583282,1.013447938
1063,1.000491156,1.010804865,1.013564153
1064,1.000522109,1.01086977,1.013545058
1065,1.000589068,1.011073759,1.013569881
1066,1.000617302,1.011113046,1.013616093
1067,1.000686725,1.011253158,1.013713749
1068,1.000722546,1.011288013,1.013699121
1069,1.000836923,1.011493759,1.013721329
1070,1.000893174,1.0115151,1.013717967
1071,1.00105543,1.01175575,1.013535788
1072,1.001132283,1.011809037,1.013346729
1073,1.001282473,1.0120172,1.013179026
1074,1.001365472,1.012066412,1.012868781
1075,1.00151953,1.012241719,1.012675171
1076,1.00152433,1.012166083,1.012352822
1077,1.001599374,1.012253258,1.012082892
1078,1.001610401,1.012077876,1.011706201
1079,1.001702477,1.01226972,1.011433735
1080,1.00170625,1.012281575,1.011095079
1081,1.001790113,1.012306197,1.010804143
1082,1.001774223,1.012260213,1.010526729
1083,1.001870379,1.012258574,1.01027892
1084,1.001876541,1.012248709,1.009999184
1085,1.001979971,1.01225104,1.009782228
1086,1.001996917,1.012243964,1.009488255
1087,1.00216345,1.012284938,1.009345573
1088,1.002117282,1.012261462,1.009146532
1089,1.002215812,1.012269501,1.008998319
1090,1.002272447,1.01229194,1.008785951
1091,1.002419835,1.012206217,1.008607493
1092,1.002448785,1.012303706,1.008292731
1093,1.002597456,1.012297343,1.008020877
1094,1.002638167,1.012375039,1.007758827
1095,1.00276847,1.012414611,1.007565734
1096,1.002849386,1.01253346,1.007377992
1097,1.002981555,1.012603393,1.007293488
1098,1.003050621,1.012701787,1.007152932
1099,1.003200838,1.012755112,1.007081079
1100,1.00327391,1.012879509,1.00692109
1101,1.003441273,1.01301268,1.006836692
1102,1.003518964,1.013116089,1.006726258
1103,1.00369779,1.013158764,1.00671144
1104,1.003779956,1.013276756,1.006600345
1105,1.00390826,1.013453817,1.00663477
1106,1.003973096,1.013604284,1.006598394
1107,1.004084808,1.013781088,1.006543409
1108,1.004157657,1.013905731,1.006523121
1109,1.004296384,1.014057576,1.006551242
1110,1.004366599,1.014161126,1.006568018
1111,1.00452276,1.014296778,1.00657077
1112,1.004650438,1.014418726,1.006575944
1113,1.004732046,1.014596068,1.006551023
1114,1.004740494,1.014720081,1.006496278
1115,1.004733957,1.014845694,1.006584804
1116,1.004631609,1.01491597,1.006673768
1117,1.00458524,1.014966914,1.006761406
1118,1.004470578,1.014966419,1.006814159
1119,1.004424267,1.014998256,1.006877707
1120,1.004319133,1.014960595,1.006916553
1121,1.004280906,1.014979553,1.006962057
1122,1.004164592,1.014921795,1.006996868
1123,1.004140295,1.014993094,1.007061661
1124,1.004022987,1.015000442,1.007118038
1125,1.004003581,1.015136481,1.007243289
1126,1.003907143,1.015167583,1.007361469
1127,1.003889235,1.015338037,1.007505132
1128,1.003809094,1.015472254,1.007623726
1129,1.003837848,1.015638327,1.007897385
1130,1.003748574,1.015679976,1.008031018
1131,1.003767132,1.015753787,1.008281895
1132,1.003707139,1.015766725,1.008482027
1133,1.003762282,1.015847932,1.008822681
1134,1.003720661,1.015859211,1.009014318
1135,1.003769195,1.015920994,1.009408106
1136,1.003730787,1.015917197,1.009591505
1137,1.003679944,1.015956859,1.009969241
1138,1.003642275,1.01596747,1.010158131
1139,1.003594866,1.016032246,1.010497834
1140,1.003563346,1.01603939,1.010674871
1141,1.003552625,1.016022181,1.011054882
1142,1.003526571,1.015916234,1.011291666
1143,1.003507071,1.015921423,1.011682952
1144,1.003473379,1.015869262,1.011937329
1145,1.003451141,1.015838492,1.012388618
1146,1.003423636,1.015769332,1.012651158
1147,1.003370883,1.015613616,1.013127676
1148,1.003337843,1.01560065,1.013345883
1149,1.003251324,1.015556128,1.013786219
1150,1.003233498,1.015432412,1.014001745
1151,1.003231662,1.015328614,1.014427293
1152,1.003226414,1.015281039,1.014732811
1153,1.003245421,1.015233396,1.01522312
1154,1.003252126,1.01517902,1.015384874
1155,1.003266715,1.01509026,1.015758787
1156,1.003304145,1.015060376,1.015935262
1157,1.003332882,1.015124417,1.016251724
1158,1.003362453,1.01510117,1.016437117
1159,1.003386994,1.015185809,1.016744211
1160,1.003405475,1.015161935,1.016937012
1161,1.003448253,1.015264318,1.017333585
1162,1.003447196,1.015116603,1.017546285
1163,1.003455993,1.015104508,1.017985725
1164,1.003437126,1.01499108,1.018237502
1165,1.003412445,1.014991491,1.018694181
1166,1.003374548,1.01488919,1.018957161
1167,1.003398946,1.014885936,1.019420518
1168,1.00338827,1.014838742,1.019659017
1169,1.003433001,1.0148925,1.020099891
1170,1.003439183,1.014644168,1.020047709
1171,1.003543093,1.014586635,1.019921267
1172,1.003586292,1.014422808,1.019893782
1173,1.003695175,1.014325751,1.01976717
1174,1.003730485,1.01408928,1.019692043
1175,1.003798687,1.014006817,1.019375634
1176,1.003851337,1.013793565,1.019159278
1177,1.00398613,1.013875971,1.018776688
1178,1.004084701,1.013817345,1.018549521
1179,1.00426408,1.014223759,1.018182274
1180,1.004367558,1.014365964,1.017906562
1181,1.004520447,1.014747463,1.017548087
1182,1.004660611,1.014920145,1.017268911
1183,1.00481545,1.01524702,1.016908037
1184,1.004842536,1.015174923,1.016803536
1185,1.004861551,1.015242267,1.01664467
1186,1.004911387,1.015200742,1.016490573
1187,1.004966267,1.015502661,1.01627541
1188,1.005043991,1.015626451,1.016112164
1189,1.005144655,1.015830085,1.015791975
1190,1.005292554,1.016040882,1.015410193
1191,1.00540266,1.016176747,1.015136299
1192,1.005554816,1.016431548,1.014835191
1193,1.005719181,1.016650769,1.014830965
1194,1.005863492,1.016844334,1.014696892
1195,1.006009467,1.017048046,1.014930507
1196,1.006185436,1.017244307,1.014915216
1197,1.006312551,1.017334467,1.015207442
1198,1.006470885,1.017464887,1.01528574
1199,1.006584299,1.017552497,1.015514968
1200,1.006725168,1.017692849,1.015604738
1201,1.006816907,1.01784551,1.015857126
1202,1.00686199,1.017944081,1.015988066
1203,1.006938996,1.018119522,1.016264444
1204,1.006984692,1.018158047,1.016352383
1205,1.007094783,1.018263136,1.016672019
1206,1.007175823,1.018390146,1.016699775
1207,1.007382552,1.018492467,1.016923999
1208,1.007506657,1.018548762,1.016858267
1209,1.007712242,1.018599304,1.017006392
1210,1.007844981,1.018706851,1.01690118
1211,1.00814513,1.01890939,1.017079317
1212,1.008373246,1.019070751,1.016924513
1213,1.008714501,1.019228125,1.016993518
1214,1.008922135,1.019373654,1.017007046
1215,1.009267384,1.01951005,1.017259252
1216,1.009467574,1.019612929,1.017316003
1217,1.009745436,1.019680368,1.017559131
1218,1.009878754,1.019721908,1.017615598
1219,1.010202499,1.019902156,1.017820307
1220,1.010373988,1.020078596,1.017818314
1221,1.01065938,1.020149633,1.017980972
1222,1.010764756,1.020180782,1.018007139
1223,1.011018969,1.020182979,1.018238886
1224,1.011050589,1.020290758,1.018220374
1225,1.011208575,1.020396127,1.018436225
1226,1.011271568,1.020543153,1.018486958
1227,1.011385954,1.020534018,1.018661694
1228,1.011380099,1.020540369,1.018718928
1229,1.011512374,1.020553945,1.018820078
1230,1.011578854,1.020582134,1.018927722
1231,1.011710046,1.020579072,1.019061935
1232,1.011799109,1.020690474,1.019128284
1233,1.011983982,1.020641165,1.019294003
1234,1.011945236,1.020636784,1.019385017
1235,1.012026949,1.02054445,1.019419188
1236,1.011959833,1.020554783,1.019376055
1237,1.011976408,1.020400932,1.019336423
1238,1.011905235,1.020378104,1.01928938
1239,1.011887239,1.020215023,1.019434276
1240,1.011799191,1.020134945,1.019466784
1241,1.011788977,1.019887146,1.019450335
1242,1.011729696,1.01979064,1.019276995
1243,1.0118117,1.019596805,1.019193976
1244,1.01177802,1.019415039,1.019129506
1245,1.011954339,1.019341857,1.018974146
1246,1.011922634,1.019156475,1.019065324
1247,1.012030796,1.019023483,1.018943911
1248,1.011921325,1.018856834,1.018898304
1249,1.011944416,1.018667417,1.018806739
1250,1.01189991,1.018444571,1.01866357
1251,1.011895056,1.01822309,1.018403237
1252,1.011751021,1.018096936,1.018260518
1253,1.011777429,1.017990219,1.018032842
1254,1.011640284,1.017867647,1.017903734
1255,1.011613274,1.017768105,1.017587267
1256,1.01144685,1.017727517,1.017368295
1257,1.011397994,1.017670139,1.017075091
1258,1.011242357,1.017566916,1.016874603
1259,1.011242672,1.017512903,1.016619985
1260,1.011290568,1.017446546,1.016373657
1261,1.011469338,1.017426691,1.015833157
1262,1.011510473,1.017344571,1.015600923
1263,1.011822305,1.017324955,1.015018372
1264,1.012018512,1.017273365,1.014727592
1265,1.012364697,1.017396909,1.014115255
1266,1.012574293,1.017408584,1.013855217
1267,1.012907859,1.017546527,1.013274598
1268,1.013064272,1.017527411,1.013045397
1269,1.013448399,1.017762681,1.012509859
1270,1.013710933,1.017923052,1.012253266
1271,1.014078818,1.018237841,1.011688686
1272,1.014341573,1.018417538,1.011414708
1273,1.014536313,1.018659962,1.010910855
1274,1.014589259,1.018752033,1.010704534
1275,1.014759475,1.019044301,1.010224917
1276,1.014820882,1.019160082,1.010039434
1277,1.015053862,1.019492739,1.009603006
1278,1.015205014,1.019633248,1.009452958
1279,1.015458377,1.020050293,1.009089346
1280,1.015560276,1.020161314,1.00897872
1281,1.015737211,1.020489117,1.008597191
1282,1.015856425,1.020617906,1.0084878
1283,1.016093058,1.020927567,1.008136725
1284,1.016228967,1.021047409,1.008043208
1285,1.016493138,1.021212404,1.007718589
1286,1.016632837,1.021196096,1.007633952
1287,1.016906258,1.02144837,1.007326007
1288,1.016990372,1.021579252,1.007231811
1289,1.017168865,1.021934838,1.006924051
1290,1.017237725,1.022005265,1.006785911
1291,1.017375551,1.022248415,1.006546303
1292,1.017460308,1.022403274,1.006450888
1293,1.017568063,1.022639564,1.006270322
1294,1.017654209,1.022716694,1.006176247
1295,1.017806069,1.022924906,1.005994897
1296,1.017858526,1.022958184,1.005903134
1297,1.018026059,1.023193577,1.005712822
1298,1.01810894,1.023296322,1.00561369
1299,1.018281909,1.023595027,1.005531433
1300,1.018335928,1.023716524,1.005542453
1301,1.018565088,1.024034834,1.005467977
1302,1.018645585,1.02417525,1.005472611
1303,1.018871291,1.024606721,1.005422902
1304,1.019024247,1.024856407,1.00541656
1305,1.019341641,1.025530142,1.005334197
1306,1.019531949,1.025813484,1.005345977
1307,1.019933016,1.026179422,1.005201354
1308,1.020177246,1.026259444,1.005142345
1309,1.020683108,1.026534316,1.005079046
1310,1.020801352,1.026578501,1.005131188
1311,1.021099651,1.02676311,1.005076477
1312,1.021184433,1.026820102,1.005120167
1313,1.021552856,1.026985145,1.005058457
1314,1.0217057,1.027070345,1.005092704
1315,1.022160966,1.027278108,1.005034378
1316,1.022276024,1.027366305,1.00508045
1317,1.022732533,1.027643208,1.005040231
1318,1.022868074,1.02777414,1.00504194
1319,1.023251424,1.028069436,1.004931355
1320,1.023395398,1.028178868,1.004903925
1321,1.023753352,1.028364257,1.004888109
1322,1.023897049,1.02840411,1.004768783
1323,1.024241895,1.028562711,1.004735337
1324,1.024397993,1.02860276,1.004679795
1325,1.024774279,1.029020283,1.004704232
1326,1.025056332,1.029263842,1.004636836
1327,1.025535794,1.029914086,1.004645816
1328,1.025842102,1.030140127,1.00458165
1329,1.026431466,1.030837522,1.004627605
1330,1.026807972,1.031114154,1.004672442
1331,1.027297127,1.031760017,1.004800416
1332,1.02760964,1.032035088,1.004851088
1333,1.02815884,1.032742774,1.004977949
1334,1.028438425,1.032997758,1.005036599
1335,1.028901321,1.033594258,1.00511467
1336,1.028973989,1.033876215,1.005120827
1337,1.029275013,1.034472318,1.005205986
1338,1.029500416,1.034799345,1.005194329
1339,1.029820272,1.035386018,1.005288232
1340,1.029841684,1.035581705,1.005244738
1341,1.02998339,1.035948591,1.005296405
1342,1.029989258,1.036089536,1.005246009
1343,1.030112545,1.036259871,1.005234967
1344,1.030100808,1.036269171,1.005145035
1345,1.030285231,1.036378071,1.00512726
1346,1.030273672,1.036366276,1.005025888
1347,1.030692924,1.036642827,1.005055959
1348,1.030952232,1.036764007,1.004990697
1349,1.031105589,1.036996559,1.005019536
1350,1.031179981,1.037116554,1.004953552
1351,1.031259472,1.037169239,1.005039213
1352,1.031163713,1.037165256,1.005001494
1353,1.031081945,1.037047975,1.005108285
1354,1.030819118,1.036848085,1.005068658
1355,1.030730079,1.036855622,1.005158494
1356,1.030473539,1.03666014,1.005119372
1357,1.030327635,1.036759074,1.00524269
1358,1.02994353,1.036402823,1.005182239
1359,1.029712712,1.036315343,1.005157924
1360,1.029329828,1.03596969,1.005080553
1361,1.029092128,1.035899015,1.004986416
1362,1.028950889,1.035852387,1.004941804
1363,1.02891511,1.035879785,1.004894834
1364,1.028811057,1.035856091,1.004861849
1365,1.028766373,1.035889316,1.004811466
1366,1.028720885,1.035903151,1.004787033
1367,1.028662524,1.036073726,1.004769643
1368,1.028346068,1.03595837,1.004747696
1369,1.028167163,1.0360317,1.004713347
1370,1.027742073,1.035814479,1.00467677
1371,1.027532316,1.035734784,1.004663028
1372,1.027315321,1.035593746,1.004687347
1373,1.027318968,1.035648957,1.004682888
1374,1.027096813,1.035581443,1.004618349
1375,1.027015377,1.035625377,1.004513944
1376,1.026811796,1.03551619,1.004462467
1377,1.026792823,1.035669917,1.004336518
1378,1.02671702,1.035639045,1.004277713
1379,1.026860275,1.035915493,1.004143575
1380,1.026877902,1.036086861,1.004102383
1381,1.027136984,1.036525549,1.004022757
1382,1.027183359,1.03663705,1.003978645
1383,1.027355941,1.036867004,1.003942009
1384,1.027423466,1.036935839,1.003901965
1385,1.02759267,1.037191888,1.003813032
1386,1.027667762,1.037281931,1.003746208
1387,1.027768793,1.037652053,1.003644883
1388,1.027867535,1.037799982,1.003593275
1389,1.027897658,1.038033504,1.00348394
1390,1.027955522,1.038065364,1.003460884
1391,1.027960765,1.038178387,1.003402225
1392,1.028030999,1.038230336,1.003410784
1393,1.02802346,1.038181974,1.003323039
1394,1.028060396,1.038059792,1.003315766
1395,1.028025311,1.037863108,1.003241273
1396,1.028055891,1.03774878,1.003256373
1397,1.028107325,1.03761905,1.003182011
1398,1.028190559,1.037547381,1.003245974
1399,1.028317117,1.037401015,1.003223246
1400,1.028430713,1.037393997,1.003293544
1401,1.028588066,1.037298303,1.003283155
1402,1.02869743,1.037264337,1.003364464
1403,1.02880595,1.037121634,1.003334448
1404,1.028930096,1.037079693,1.003390615
1405,1.029021237,1.036979933,1.003344872
1406,1.029146513,1.036955509,1.003289378
1407,1.029214147,1.036875528,1.003179347
1408,1.029321464,1.036739641,1.003167425
1409,1.029396823,1.036524894,1.003043733
1410,1.029408878,1.036243444,1.003044757
1411,1.029381599,1.035731137,1.003034769
1412,1.029396959,1.035555813,1.003098603
1413,1.029409267,1.03522747,1.00311607
1414,1.029427941,1.035154659,1.003130991
1415,1.029401896,1.03476106,1.003088724
1416,1.029396931,1.034560017,1.003113247
1417,1.029251838,1.0341128,1.00306247
1418,1.029146356,1.033841209,1.003069661
1419,1.029200597,1.033583981,1.003061316
1420,1.029124302,1.033412367,1.00310807
1421,1.029148924,1.033108954,1.003095665
1422,1.029033644,1.032913765,1.003175316
1423,1.029034856,1.032637134,1.003198757
1424,1.029002301,1.032476412,1.003288155
1425,1.029076983,1.032235168,1.003328376
1426,1.029019175,1.032041097,1.003429901
1427,1.029017677,1.0317036,1.003511952
1428,1.028917922,1.031397625,1.003638136
1429,1.028901511,1.031057622,1.00373484
1430,1.028834469,1.030843045,1.003857694
1431,1.028776712,1.030470807,1.00395169
1432,1.02881256,1.030353861,1.004024253
1433,1.028896123,1.030093487,1.004101913
1434,1.028917161,1.029983394,1.004102402
1435,1.02903022,1.029777269,1.004120111
1436,1.029099831,1.029705315,1.004164595
1437,1.029196757,1.029500143,1.004261845
1438,1.029172608,1.029292963,1.004306285
1439,1.029169111,1.029084132,1.004419392
1440,1.029088107,1.02878045,1.004454288
1441,1.029136208,1.028508729,1.004534483
1442,1.029054009,1.028270851,1.004548225
1443,1.029081121,1.028045466,1.004534023
1444,1.028953578,1.027834919,1.004478782
1445,1.029277504,1.027826554,1.004395412
1446,1.029409833,1.027831872,1.004288534
1447,1.029671311,1.027928273,1.004204915
1448,1.029915129,1.02796079,1.004115647
1449,1.030017463,1.028082463,1.004119126
1450,1.030096195,1.028081308,1.004109799
1451,1.030255316,1.02817915,1.00411302
1452,1.03038601,1.028254696,1.004097724
1453,1.030586204,1.028376081,1.004061424
1454,1.030598318,1.028411226,1.004017068
1455,1.030695754,1.028489368,1.003982207
1456,1.030704532,1.028523861,1.003952021
1457,1.030779946,1.028570491,1.003979919
1458,1.030795833,1.028561165,1.003952269
1459,1.030928498,1.028576672,1.004020614
1460,1.030980174,1.028590343,1.004028543
1461,1.031118906,1.028593141,1.004106031
1462,1.031167543,1.028479935,1.004159826
1463,1.031306126,1.028381706,1.004265943
1464,1.031325541,1.028279375,1.004327374
1465,1.03143525,1.028158795,1.004467513
1466,1.031457248,1.028055436,1.004542326
1467,1.031689731,1.028068526,1.004609165
1468,1.031679276,1.027929752,1.004675559
1469,1.031958754,1.027938211,1.004744886
1470,1.031918688,1.027741333,1.004821538
1471,1.032230783,1.027738207,1.004921739
1472,1.032225057,1.027532307,1.005037422
1473,1.032532882,1.027530173,1.005155908
1474,1.032555467,1.027322529,1.005275799
1475,1.032742921,1.027222401,1.005399987
1476,1.032768975,1.027036508,1.005518616
1477,1.032967065,1.026944013,1.005631465
1478,1.032988894,1.026752274,1.005764991
1479,1.033174985,1.026660183,1.005941263
1480,1.033164169,1.026459516,1.006091161
1481,1.03331209,1.026212845,1.006270123
1482,1.033321559,1.025953204,1.006413775
1483,1.033441701,1.025697501,1.006631396
1484,1.03337208,1.025397109,1.00680623
1485,1.033409017,1.025112175,1.007047359
1486,1.033336821,1.024815332,1.007206076
1487,1.033442392,1.024575727,1.007293614
1488,1.033445076,1.024302368,1.007439089
1489,1.033619303,1.024072383,1.007422912
1490,1.033606717,1.023895097,1.007450728
1491,1.033933409,1.023923434,1.007509302
1492,1.03389385,1.023724256,1.007546303
1493,1.034149297,1.023824371,1.007573903
1494,1.03417524,1.023667438,1.007601234
1495,1.034486971,1.02369341,1.007573263
1496,1.034475144,1.023535363,1.007531847
1497,1.034798123,1.023664008,1.007606392
1498,1.034872463,1.02358517,1.007639804
1499,1.035138832,1.023695297,1.007746404
1500,1.035189609,1.023722889,1.007788888
1501,1.035467127,1.023958182,1.00784067
1502,1.03549239,1.023975307,1.007839951
1503,1.035634314,1.024254554,1.007876514
1504,1.035614704,1.024300615,1.007846362
1505,1.035763992,1.024493403,1.00790853
1506,1.035706398,1.024534697,1.007894111
1507,1.035932765,1.024657548,1.008053879
1508,1.03586665,1.024597124,1.008056893
1509,1.036032835,1.024689153,1.008219212
1510,1.035962488,1.024702461,1.008234316
1511,1.035887262,1.024721452,1.008298897
1512,1.035817861,1.024737487,1.008284805
1513,1.035705136,1.024671304,1.008298707
1514,1.03549407,1.024553924,1.008268242
1515,1.035211877,1.024367127,1.008314465
1516,1.034995946,1.024196556,1.008288366
1517,1.034777041,1.02405507,1.008350128
1518,1.034594312,1.02388281,1.008329581
1519,1.034373839,1.02368915,1.008381402
1520,1.034136424,1.023503308,1.008336282
1521,1.033877117,1.023225831,1.008403049
1522,1.033640994,1.022990724,1.008380685
1523,1.033122806,1.022659816,1.00838187
1524,1.032668462,1.022399523,1.008293369
1525,1.032201568,1.022013674,1.008301295
1526,1.031717849,1.02169967,1.008197532
1527,1.03126504,1.021328299,1.008165644
1528,1.03079415,1.021162548,1.008072486
1529,1.030354782,1.02098625,1.008068295
1530,1.029872776,1.02089351,1.00797698
1531,1.029669983,1.020849137,1.007967455
1532,1.029279674,1.020665095,1.008018813
1533,1.029127178,1.020613387,1.008062622
1534,1.028872998,1.020574159,1.008020784
1535,1.028733511,1.020630065,1.008048672
1536,1.028413194,1.020542817,1.007995679
1537,1.028203978,1.020658477,1.00799913
1538,1.027863862,1.020585589,1.007949137
1539,1.02763296,1.020699806,1.007938937
1540,1.027310799,1.020655091,1.007888771
1541,1.027296691,1.020725862,1.007900098
1542,1.027141397,1.02059861,1.007855795
1543,1.027113508,1.020681786,1.007871033
1544,1.026959324,1.020553635,1.007826521
1545,1.026943001,1.020560994,1.007846183
1546,1.026715723,1.020401406,1.007795798
1547,1.026685026,1.020367858,1.007862288
1548,1.026438885,1.020225306,1.007835009
1549,1.026604592,1.02034402,1.007902871
1550,1.026616891,1.02037954,1.007871486
1551,1.026884912,1.020630771,1.007892976
1552,1.026934265,1.020719304,1.007831661
1553,1.027232084,1.020987106,1.007843655
1554,1.027291019,1.021075441,1.007786058
1555,1.0276584,1.021454798,1.00786478
1556,1.02770404,1.021530075,1.007822549
1557,1.028078111,1.021948872,1.00793211
1558,1.028115891,1.022033433,1.007893616
1559,1.028267394,1.022254763,1.007953211
1560,1.028327759,1.022364743,1.007920752
1561,1.028513158,1.022621867,1.007978038
1562,1.028615061,1.022741074,1.007934733
1563,1.028616435,1.022852097,1.0079925
1564,1.02868599,1.022888534,1.007963615
1565,1.028674625,1.022938816,1.008053837
1566,1.028583046,1.022878746,1.008062622
1567,1.028488691,1.022869947,1.008200938
1568,1.028370704,1.022811308,1.008262645
1569,1.028226457,1.022795736,1.008351782
1570,1.028192233,1.022873665,1.008268843
1571,1.02804754,1.022928808,1.00824961
1572,1.02795501,1.023002879,1.008128603
1573,1.027729691,1.02299585,1.008123583
1574,1.027573398,1.023036417,1.008029376
1575,1.027292384,1.022956867,1.007971433
1576,1.027059851,1.022897401,1.00786313
1577,1.026998747,1.023042423,1.007657132
1578,1.026816429,1.022975624,1.007538145
1579,1.026775718,1.023097715,1.007384599
1580,1.02659255,1.022946787,1.00732588
1581,1.026591019,1.023072679,1.007179107
1582,1.026442224,1.022908811,1.007061078
1583,1.026368392,1.022968111,1.006852072
1584,1.026115615,1.02273988,1.006763247
1585,1.025917356,1.022714455,1.00654388
1586,1.02573593,1.022441535,1.006414895
1587,1.0255637,1.022413974,1.006223455
1588,1.025285218,1.022067367,1.006085132
1589,1.025005339,1.021952546,1.005945863
1590,1.024727496,1.021635606,1.005868055
1591,1.024564936,1.021541324,1.005773531
1592,1.024459362,1.021333777,1.005697258
1593,1.024361995,1.021327317,1.005583609
1594,1.02431404,1.021225365,1.005511263
1595,1.02421918,1.021355204,1.005411182
1596,1.024213496,1.021313971,1.005382127
1597,1.024166999,1.021427877,1.00529143
1598,1.024128242,1.021390864,1.005304117
1599,1.024126367,1.021336414,1.005265404
1600,1.024103435,1.02129646,1.00527022
1601,1.024125588,1.021233814,1.005207579
1602,1.024151099,1.021208335,1.005116696
1603,1.024199834,1.021167674,1.005013829
1604,1.024183546,1.021123476,1.004924057
1605,1.024239036,1.021051622,1.004847555
1606,1.024223385,1.021001015,1.004767298
1607,1.024258854,1.020807164,1.004700643
1608,1.024247181,1.02064337,1.004647068
1609,1.024308873,1.020453952,1.00461433
1610,1.024321891,1.020302586,1.004592348
1611,1.02438444,1.02024135,1.004523277
1612,1.024377614,1.020158426,1.004478437
1613,1.024555665,1.020218185,1.004408092
1614,1.024656183,1.020180474,1.004331283
1615,1.024873719,1.020282348,1.004215421
1616,1.024971772,1.02030077,1.004126248
1617,1.025157546,1.020406835,1.004022625
1618,1.025221681,1.020414536,1.003964725
1619,1.025473214,1.020507519,1.003895934
1620,1.025515634,1.020426852,1.003848413
1621,1.025756045,1.020497093,1.003808711
1622,1.025802758,1.020387223,1.003752571
1623,1.025974388,1.020400276,1.003705316
1624,1.026023407,1.020305217,1.003666348
1625,1.026218379,1.020281442,1.003628424
1626,1.02624344,1.02017914,1.003571463
1627,1.026363038,1.020120838,1.003522785
1628,1.026368053,1.019978628,1.00347514
1629,1.026532557,1.019936154,1.003414926
1630,1.026585493,1.019848275,1.003366939
1631,1.026526077,1.019708999,1.003321244
1632,1.026338305,1.019548119,1.003288088
1633,1.026325584,1.019475844,1.003269405
1634,1.026136689,1.019278105,1.003252421
1635,1.026125877,1.019209408,1.003227956
1636,1.025995365,1.019020646,1.003229973
1637,1.025948801,1.019099185,1.003242848
1638,1.025744288,1.019029942,1.003231441
1639,1.025684531,1.019048593,1.003259743
1640,1.025503196,1.018929566,1.003258643
1641,1.025450527,1.018933267,1.003281631
1642,1.025256758,1.01880182,1.003286586
1643,1.025177755,1.018789528,1.00329219
1644,1.024992283,1.018650768,1.003302064
1645,1.024882599,1.018608609,1.003350454
1646,1.024716291,1.018459575,1.003362638
1647,1.02461839,1.018402981,1.003460026
1648,1.024390598,1.01813385,1.003504543
1649,1.024323701,1.018049016,1.003607529
1650,1.024136971,1.01777146,1.003672631
1651,1.02408878,1.017636848,1.003791189
1652,1.023859153,1.017359818,1.003813621
1653,1.023899368,1.017300331,1.003836952
1654,1.023781613,1.017103749,1.003811658
1655,1.023906032,1.01703776,1.003860444
1656,1.02386351,1.016912702,1.003860322
1657,1.023996886,1.016861457,1.003925538
1658,1.023995469,1.016774907,1.003915285
1659,1.024164184,1.016691093,1.003956899
1660,1.024132849,1.016537845,1.00394808
1661,1.024205153,1.016429885,1.004011944
1662,1.024177523,1.016228726,1.004007064
1663,1.024234341,1.016044534,1.004054506
1664,1.024206309,1.015795097,1.004038665
1665,1.024267821,1.01558247,1.004085399
1666,1.024173813,1.01550587,1.004096746
1667,1.024166312,1.015441551,1.004156647
1668,1.024035713,1.015286641,1.004188845
1669,1.023757039,1.015046631,1.004259912
1670,1.023510897,1.014861783,1.004266103
1671,1.023278105,1.014649595,1.004358192
1672,1.023030987,1.014422866,1.004395224
1673,1.022839825,1.014218654,1.00447732
1674,1.022725267,1.014029224,1.004511701
1675,1.022544634,1.013772088,1.004589797
1676,1.022371018,1.013558067,1.004568106
1677,1.022084987,1.013279697,1.004620533
1678,1.021987614,1.013080605,1.004651844
1679,1.021874577,1.012826306,1.004717677
1680,1.021792338,1.012630875,1.004747143
1681,1.021741442,1.012403318,1.004804539
1682,1.021675701,1.012339249,1.004827766
1683,1.021603558,1.012240379,1.004835826
1684,1.021508571,1.012178424,1.004858528
1685,1.021488988,1.012067725,1.004867259
1686,1.021342629,1.011958623,1.00486832
1687,1.021396537,1.011887796,1.004884544
1688,1.021318638,1.011820875,1.004905069
1689,1.021383668,1.011790798,1.00488389
1690,1.021326779,1.01173499,1.004852344
1691,1.021497487,1.011739824,1.004780537
1692,1.021501405,1.011699976,1.004697971
1693,1.02169065,1.011701427,1.004608267
1694,1.021694846,1.011655361,1.004549831
1695,1.021782835,1.011565397,1.004456186
1696,1.021745823,1.01145424,1.004377215
1697,1.021780107,1.011306191,1.004291212
1698,1.021749581,1.011173506,1.004212454
1699,1.021817293,1.011066916,1.004117786
1700,1.021797943,1.010949697,1.004046933
1701,1.021819918,1.010773865,1.003995721
1702,1.021846254,1.010637945,1.003976564
1703,1.021876569,1.01047041,1.004036793
1704,1.021760237,1.010268036,1.004051109
1705,1.021745029,1.010088672,1.004112212
1706,1.021586675,1.00992128,1.004120569
1707,1.021507395,1.009751713,1.004156607
1708,1.021325135,1.009567254,1.004157746
1709,1.021361346,1.009510142,1.004152366
1710,1.021165696,1.00939954,1.004157745
1711,1.021141525,1.009279165,1.00421126
1712,1.020929937,1.009148365,1.004218631
1713,1.020944485,1.009033368,1.004226562
1714,1.02070096,1.008973795,1.004214828
1715,1.020623266,1.008926684,1.004173812
1716,1.020418469,1.008875223,1.00415902
1717,1.02042792,1.008868372,1.004135628
1718,1.020292375,1.008864894,1.004120119
1719,1.020277447,1.008845463,1.004114839
1720,1.020124205,1.008855219,1.004103165
1721,1.020054529,1.008835946,1.004108319
1722,1.019853049,1.008838494,1.00407241
1723,1.020027833,1.008888322,1.003993135
1724,1.020066264,1.008963086,1.00393666
1725,1.020251542,1.009060482,1.003845119
1726,1.020301809,1.009196548,1.003761354
1727,1.020387786,1.009242773,1.003680505
1728,1.020341342,1.009327173,1.003612167
1729,1.020301779,1.009419908,1.003522899
1730,1.020267179,1.009575438,1.003446582
1731,1.020260575,1.009656637,1.003342583
1732,1.02025802,1.009783614,1.003259348
1733,1.020258097,1.00973444,1.003148429
1734,1.020289177,1.009786197,1.003072409
1735,1.020290802,1.009788055,1.002984528
1736,1.02031617,1.009839852,1.002923171
1737,1.020182716,1.009833622,1.00286979
1738,1.020146981,1.009902748,1.002822479
1739,1.019956893,1.009855572,1.002734201
1740,1.019865405,1.009881449,1.00267796
1741,1.019686171,1.009780772,1.002551221
1742,1.019609811,1.009755693,1.002497065
1743,1.019466958,1.009662695,1.002406847
1744,1.019397806,1.009654159,1.002391416
1745,1.019279412,1.009602367,1.002345538
1746,1.019194534,1.009580004,1.002349521
1747,1.019101991,1.009520008,1.002287649
1748,1.01901368,1.00946393,1.002253516
1749,1.018945433,1.009380779,1.002174539
1750,1.018839015,1.009337267,1.002123015
1751,1.01869706,1.009203315,1.002039458
1752,1.018596529,1.009183509,1.001966599
1753,1.018536672,1.009046271,1.001888057
1754,1.018513521,1.009009429,1.001841451
1755,1.018452696,1.008914982,1.001781172
1756,1.018478541,1.00890206,1.001728476
1757,1.018367338,1.008777718,1.001695232
1758,1.018390496,1.008771897,1.001674031
1759,1.018401974,1.008712348,1.001649573
1760,1.018500117,1.008717173,1.001652957
1761,1.018459595,1.008667939,1.001626453
1762,1.018550484,1.008658681,1.001630818
1763,1.018503239,1.008591048,1.001587253
1764,1.01859536,1.008566783,1.001577091
1765,1.018539571,1.008475073,1.001506753
1766,1.01863499,1.008437165,1.001451585
1767,1.018598392,1.008338611,1.00137088
1768,1.018701568,1.008307299,1.001337069
1769,1.018663047,1.008224851,1.001288242
1770,1.018760532,1.00821198,1.001278637
1771,1.018737053,1.008156028,1.001273864
1772,1.018820212,1.008128736,1.001300388
1773,1.018775986,1.008034462,1.001297339
1774,1.018880905,1.008011209,1.001341418
1775,1.018835193,1.007965692,1.001343143
1776,1.018948699,1.007983978,1.001371114
1777,1.018887043,1.00791492,1.00137379
1778,1.018853903,1.007931178,1.001422083
1779,1.018660823,1.007870901,1.001440879
1780,1.018635592,1.007901857,1.001493733
1781,1.018498907,1.007792249,1.001542855
1782,1.01851053,1.007829158,1.001592292
1783,1.018387352,1.00774203,1.001645431
1784,1.018468589,1.007773898,1.001668073
1785,1.018382737,1.007660844,1.00169904
1786,1.018473158,1.007696946,1.001714239
1787,1.018440669,1.007601522,1.001751875
1788,1.018531733,1.007672289,1.001774923
1789,1.018455989,1.007621347,1.001808509
1790,1.018567742,1.007716111,1.001834672
1791,1.018475914,1.007717432,1.001902317
1792,1.018570654,1.007804279,1.001943892
1793,1.018497877,1.007815122,1.002018777
1794,1.018572512,1.00789532,1.002065316
1795,1.018448875,1.00789501,1.002177646
1796,1.018528521,1.007972224,1.00221031
1797,1.018439762,1.007939439,1.002319031
1798,1.018511925,1.007979803,1.002331399
1799,1.018441116,1.007969504,1.002367614
1800,1.018521037,1.008031333,1.002374074
1801,1.018570048,1.008023622,1.002397876
1802,1.018666239,1.008098909,1.002404716
1803,1.018603931,1.008063567,1.002427717
1804,1.018677021,1.008147485,1.002440891
1805,1.018598401,1.008133411,1.002412275
1806,1.01864949,1.008217843,1.002435753
1807,1.018570847,1.008212189,1.002449154
1808,1.018546987,1.008288746,1.002484386
1809,1.018371214,1.008263815,1.002479118
1810,1.01834124,1.008331894,1.002481765
1811,1.01818096,1.008313761,1.002429128
1812,1.018170242,1.008396255,1.002426067
1813,1.018004056,1.008361142,1.002356448
1814,1.018007287,1.008411551,1.002343711
1815,1.01780335,1.008328361,1.002292704
1816,1.017786356,1.008349739,1.002268856
1817,1.017555367,1.008233942,1.002223394
1818,1.017527546,1.008237148,1.002220945
1819,1.017286122,1.008121471,1.002180894
1820,1.017200638,1.008111518,1.002192618
1821,1.016964118,1.008005825,1.002173823
1822,1.016885837,1.007997158,1.002197042
1823,1.016665593,1.007911176,1.002171357
1824,1.016601559,1.007933288,1.002173363
1825,1.016408599,1.007910985,1.002142328
1826,1.016329267,1.007939589,1.002206437
1827,1.016137364,1.007910809,1.002233497
1828,1.016089973,1.007907548,1.002294274
1829,1.015949568,1.007876488,1.002317397
1830,1.01590721,1.00788547,1.002388337
1831,1.015775732,1.007884836,1.002412413
1832,1.015709573,1.007867984,1.002473847
1833,1.015573902,1.00780549,1.002517497
1834,1.015500161,1.007726442,1.00257797
1835,1.015341721,1.007656007,1.002612789
1836,1.015240314,1.007568015,1.002639007
1837,1.01503505,1.007459131,1.002621644
1838,1.014929185,1.007363725,1.002633479
1839,1.014734979,1.007266641,1.002617147
1840,1.01461816,1.007165306,1.002628215
1841,1.014410692,1.007065351,1.002634563
1842,1.014323156,1.006980788,1.002644516
1843,1.014156507,1.00688115,1.002695871
1844,1.014142385,1.006791049,1.002738418
1845,1.014036203,1.006707459,1.002774478
1846,1.014022129,1.006651704,1.0028106
1847,1.013921021,1.006648218,1.002877897
1848,1.013831092,1.006542474,1.002887052
1849,1.013659479,1.006426687,1.002872001
1850,1.013560428,1.006326737,1.002867372
1851,1.013379927,1.00621013,1.002863591
1852,1.013302743,1.006095513,1.002872544
1853,1.013175752,1.005988422,1.002853052
1854,1.013103767,1.00591052,1.002890247
1855,1.013001091,1.005838957,1.002929878
1856,1.012949362,1.005766465,1.002993261
1857,1.012834263,1.005678295,1.003061153
1858,1.012783324,1.005612089,1.00311267
1859,1.01271886,1.005527936,1.003157418
1860,1.012691019,1.005503409,1.003203907
1861,1.012616156,1.005428519,1.003253308
1862,1.012605009,1.005404597,1.003333732
1863,1.01254934,1.005320284,1.003383944
1864,1.01253972,1.005284629,1.003433508
1865,1.012490032,1.005201149,1.003429229
1866,1.012535057,1.005169741,1.003483271
1867,1.012531178,1.005089205,1.003508272
1868,1.012574442,1.005070516,1.003583373
1869,1.012625728,1.005002165,1.003610419
1870,1.01266731,1.004983234,1.00368767
1871,1.012745829,1.004921026,1.003713232
1872,1.012805544,1.004906578,1.003782281
1873,1.01288862,1.004848038,1.003797023
1874,1.012927704,1.004814055,1.003854994
1875,1.013006777,1.004757146,1.003857675
1876,1.01305814,1.004728029,1.00392146
1877,1.013168279,1.0046864,1.003930412
1878,1.013214787,1.004651351,1.004007132
1879,1.013314723,1.004606745,1.004030453
1880,1.013367011,1.004581621,1.004101017
1881,1.013521451,1.004605069,1.004131725
1882,1.013507643,1.004593321,1.004177466
1883,1.013639628,1.004635737,1.00417007
1884,1.013723674,1.004672903,1.004212301
1885,1.013955594,1.004763955,1.004222257
1886,1.013974058,1.004798504,1.004247415
1887,1.014137818,1.004871326,1.004238012
1888,1.014178017,1.004898277,1.004257583
1889,1.014374864,1.004942846,1.004232683
1890,1.014436997,1.004980419,1.004254803
1891,1.014575223,1.005011118,1.004262555
1892,1.014592012,1.005022107,1.004299106
1893,1.014722011,1.005054599,1.004287862
1894,1.01473207,1.005066308,1.004294772
1895,1.014860998,1.005112544,1.004279016
1896,1.014893048,1.005085607,1.004299476
1897,1.0150009,1.005132399,1.004320062
1898,1.015041215,1.005121069,1.004340699
1899,1.015183294,1.005148907,1.00434584
1900,1.015265407,1.005139532,1.00436836
1901,1.015459776,1.005161801,1.00437668
1902,1.015537844,1.005136101,1.004410937
1903,1.015740872,1.005148298,1.004458686
1904,1.015830866,1.005136689,1.004477497
1905,1.016029201,1.005148852,1.004490114
1906,1.016055407,1.00513109,1.004511887
1907,1.016223889,1.005118247,1.004543677
1908,1.016249505,1.005109215,1.004577906
1909,1.016451718,1.005117989,1.004636842
1910,1.016492154,1.005117031,1.004664055
1911,1.016754632,1.005152335,1.004701058
1912,1.016838811,1.005160278,1.004711263
1913,1.017119545,1.00520637,1.004724571
1914,1.017179638,1.005234857,1.004722042
1915,1.017456252,1.005301018,1.004738361
1916,1.017558192,1.005330073,1.00472595
1917,1.017739045,1.005332643,1.004840753
1918,1.01774967,1.005342165,1.004880472
1919,1.017883781,1.005369016,1.004941663
1920,1.017903365,1.005394365,1.005013502
1921,1.018053904,1.00544687,1.005101217
1922,1.0180598,1.005485084,1.005141773
1923,1.018230473,1.005573055,1.005209121
1924,1.018224653,1.005587984,1.005236148
1925,1.018320313,1.00561433,1.005267568
1926,1.018330879,1.005601051,1.005352192
1927,1.018467945,1.005626736,1.005453635
1928,1.018468874,1.005620968,1.005545952
1929,1.018577089,1.005665989,1.005657232
1930,1.018516551,1.005636858,1.005740486
1931,1.018479663,1.005613022,1.005858494
1932,1.018332493,1.005551706,1.00595715
1933,1.018281629,1.005531709,1.006066834
1934,1.01814351,1.005482399,1.006169695
1935,1.018205285,1.005498516,1.006273512
1936,1.018115896,1.005452101,1.006334684
1937,1.018296103,1.005485677,1.006392004
1938,1.018324928,1.005481335,1.006444252
1939,1.018521263,1.005524064,1.006483758
1940,1.018542465,1.005512789,1.006536297
1941,1.018719546,1.005569372,1.00659802
1942,1.018648369,1.005549997,1.006655652
1943,1.018717661,1.005613237,1.00674637
1944,1.018576208,1.005569558,1.006808625
1945,1.018615877,1.005607405,1.006901447
1946,1.018490855,1.005573284,1.006972787
1947,1.018624732,1.0056215,1.007027803
1948,1.018590362,1.005578134,1.007039123
1949,1.018748937,1.005626764,1.007080215
1950,1.018633106,1.005575027,1.007102307
1951,1.018558691,1.005541935,1.007165318
1952,1.018446945,1.005462131,1.007135347
1953,1.018475582,1.005433088,1.007133156
1954,1.018347902,1.005333473,1.007112938
1955,1.018478254,1.005348812,1.00712782
1956,1.018452056,1.005312036,1.007108082
1957,1.018598192,1.005368602,1.007093011
1958,1.018589155,1.005372624,1.007051873
1959,1.018778527,1.005486451,1.00700711
1960,1.018812782,1.005526225,1.006981006
1961,1.018986385,1.005646939,1.006932779
1962,1.01900414,1.005684788,1.006873186
1963,1.019157008,1.005809215,1.00680357
1964,1.019154491,1.005851091,1.006755263
1965,1.019283362,1.005954204,1.006650581
1966,1.019230028,1.005977825,1.006607935
1967,1.019390584,1.006074941,1.006534461
1968,1.019420298,1.00611372,1.006471986
1969,1.019599588,1.006210762,1.006389912
1970,1.019582401,1.00623874,1.006352943
1971,1.019728402,1.006328972,1.006298857
1972,1.019709385,1.006355519,1.006284228
1973,1.019804878,1.006441571,1.006233645
1974,1.019828907,1.00647577,1.00622782
1975,1.019942781,1.006563897,1.006211596
1976,1.019984745,1.006621597,1.006247563
1977,1.020066301,1.006712775,1.006292214
1978,1.020067912,1.006737189,1.006355314
1979,1.020167488,1.006836864,1.006420857
1980,1.02019275,1.006857166,1.006458875
1981,1.020328503,1.006982172,1.006451448
1982,1.020310574,1.006963577,1.006438396
1983,1.020389456,1.007040675,1.00645916
1984,1.020347445,1.00701969,1.006473213
1985,1.020383468,1.007078364,1.006474378
1986,1.020350929,1.007046542,1.006475423
1987,1.020288745,1.007052878,1.006452638
1988,1.020267928,1.007073827,1.00644434
1989,1.020180496,1.007108608,1.006480397
1990,1.020150356,1.007132203,1.006493767
1991,1.020050524,1.0071615,1.006531127
1992,1.019967385,1.007120835,1.006561471
1993,1.01994354,1.007157396,1.006555516
1994,1.019862778,1.007096143,1.006572457
1995,1.019826041,1.007105665,1.006567681
1996,1.019825616,1.007133722,1.006584075
1997,1.019820361,1.007227234,1.006565405
1998,1.019807766,1.007267979,1.006515532
